row_id,tomo_id,Motor axis 0,Motor axis 1,Motor axis 2,Array shape (axis 0),Array shape (axis 1),Array shape (axis 2),Voxel spacing,Number of motors,fold
0,tomo_003acc,-1.0,-1.0,-1.0,500,1912,1847,6.5,0,0
1,tomo_00e047,169.0,546.0,603.0,300,959,928,15.6,1,1
2,tomo_00e463,235.0,403.0,137.0,500,924,956,19.7,6,2
8,tomo_01a877,147.0,638.0,286.0,300,960,928,13.1,1,4
9,tomo_02862f,101.0,351.0,120.0,300,959,928,15.6,1,4
10,tomo_0308c5,-1.0,-1.0,-1.0,300,960,928,15.6,0,4
11,tomo_0333fa,-1.0,-1.0,-1.0,300,960,928,16.8,0,2
12,tomo_033ebe,88.0,711.0,308.0,300,960,928,13.1,1,1
13,tomo_03437b,138.0,864.0,620.0,300,959,928,15.6,1,4
14,tomo_0363f2,50.0,574.0,392.0,300,960,928,13.1,1,3
15,tomo_040b80,-1.0,-1.0,-1.0,600,928,960,16.1,0,3
16,tomo_049310,-1.0,-1.0,-1.0,500,924,956,19.7,0,3
17,tomo_04d42b,-1.0,-1.0,-1.0,500,1024,1440,13.3,0,2
18,tomo_05b39c,-1.0,-1.0,-1.0,800,928,960,13.1,0,4
19,tomo_05df8a,130.0,257.0,762.0,300,928,928,15.6,1,2
20,tomo_05f919,121.0,471.0,845.0,300,959,928,15.6,1,4
21,tomo_066095,-1.0,-1.0,-1.0,300,960,928,15.6,0,1
22,tomo_06e11e,-1.0,-1.0,-1.0,300,960,928,15.6,0,3
23,tomo_072a16,-1.0,-1.0,-1.0,300,960,928,16.8,0,0
24,tomo_081a2d,152.0,314.0,651.0,300,959,928,15.6,1,1
25,tomo_08446f,235.0,740.0,54.0,500,924,956,19.7,2,2
27,tomo_087d64,-1.0,-1.0,-1.0,800,927,959,13.1,0,3
28,tomo_08a6d6,-1.0,-1.0,-1.0,800,928,960,13.1,0,2
29,tomo_08bf73,-1.0,-1.0,-1.0,800,928,960,16.1,0,2
30,tomo_098751,-1.0,-1.0,-1.0,500,924,956,16.1,0,4
31,tomo_0a180f,-1.0,-1.0,-1.0,800,928,960,13.1,0,0
32,tomo_0a8f05,52.0,587.0,575.0,300,928,928,13.1,1,4
33,tomo_0c2749,-1.0,-1.0,-1.0,300,960,928,15.6,0,3
34,tomo_0c3a99,125.0,645.0,227.0,300,959,928,15.6,1,4
35,tomo_0c3d78,-1.0,-1.0,-1.0,800,928,960,13.1,0,4
36,tomo_0d4c9e,-1.0,-1.0,-1.0,300,960,928,15.6,0,4
37,tomo_0da370,28.0,356.0,636.0,300,928,928,13.1,1,1
38,tomo_0de3ee,131.0,139.0,326.0,500,928,960,13.1,2,3
40,tomo_0e9757,-1.0,-1.0,-1.0,300,960,928,16.8,0,0
41,tomo_0eb41e,-1.0,-1.0,-1.0,300,960,928,16.8,0,4
42,tomo_0eb994,161.0,835.0,630.0,300,959,928,15.6,1,3
43,tomo_0f9df0,94.0,174.0,599.0,300,960,928,15.6,1,4
44,tomo_0fab19,159.0,516.0,681.0,300,959,928,15.6,1,4
45,tomo_0fe63f,197.0,362.0,265.0,300,960,928,13.1,1,0
46,tomo_101279,161.0,295.0,585.0,300,928,928,13.1,1,0
47,tomo_10a3bd,-1.0,-1.0,-1.0,500,1024,1440,13.3,0,2
48,tomo_10c564,16.0,455.0,267.0,300,960,928,13.1,1,3
49,tomo_122a02,127.0,808.0,140.0,300,959,928,15.6,1,0
50,tomo_122c46,-1.0,-1.0,-1.0,300,960,928,16.8,0,0
51,tomo_12f896,95.0,404.0,212.0,300,960,928,13.1,1,4
52,tomo_13484c,153.0,768.0,658.0,300,928,928,15.6,1,0
53,tomo_134bb0,55.0,252.0,173.0,300,959,928,15.6,1,0
54,tomo_136c8d,-1.0,-1.0,-1.0,500,924,956,19.7,0,3
55,tomo_138018,144.0,233.0,455.0,300,959,928,15.6,1,3
56,tomo_13973d,234.0,221.0,808.0,500,924,956,19.7,1,3
57,tomo_139d9e,153.0,611.0,172.0,300,959,928,15.6,1,1
58,tomo_1446aa,149.0,293.0,601.0,300,960,928,13.1,1,1
59,tomo_146de2,-1.0,-1.0,-1.0,500,924,956,16.1,0,1
60,tomo_16136a,141.0,566.0,443.0,300,960,928,16.8,1,0
61,tomo_161683,186.0,145.0,370.0,300,928,928,15.6,1,3
62,tomo_16efa8,183.0,379.0,752.0,300,960,928,13.1,1,0
63,tomo_16fce8,-1.0,-1.0,-1.0,300,960,928,15.6,0,1
64,tomo_17143f,-1.0,-1.0,-1.0,300,960,928,15.6,0,4
65,tomo_172f08,-1.0,-1.0,-1.0,800,928,960,13.1,0,4
66,tomo_180bfd,-1.0,-1.0,-1.0,300,960,928,16.8,0,3
67,tomo_183270,-1.0,-1.0,-1.0,800,928,960,13.1,0,1
68,tomo_191bcb,149.0,417.0,500.0,300,960,928,13.1,1,4
69,tomo_19a313,67.0,598.0,300.0,300,960,928,13.1,1,3
70,tomo_19a4fd,175.0,583.0,468.0,300,960,928,16.8,1,0
71,tomo_1ab322,68.0,580.0,583.0,300,960,928,15.6,1,2
72,tomo_1af88d,24.0,306.0,619.0,300,960,928,13.1,1,1
73,tomo_1b82d1,223.0,716.0,677.0,500,924,956,19.7,4,2
77,tomo_1c2534,-1.0,-1.0,-1.0,800,927,959,13.1,0,0
78,tomo_1c38fd,103.0,668.0,281.0,300,960,928,15.6,1,2
79,tomo_1c75ac,-1.0,-1.0,-1.0,300,960,928,15.6,0,3
80,tomo_1cc887,143.0,667.0,192.0,300,928,928,15.6,1,1
81,tomo_1da097,34.0,579.0,419.0,500,928,960,13.1,2,2
83,tomo_1da0da,-1.0,-1.0,-1.0,800,928,960,13.1,0,1
84,tomo_1dc5f9,-1.0,-1.0,-1.0,500,924,956,19.7,0,4
85,tomo_1e9980,-1.0,-1.0,-1.0,300,960,928,16.8,0,1
86,tomo_1efc28,123.0,636.0,175.0,300,959,928,15.6,1,3
87,tomo_1f0e78,112.0,797.0,264.0,300,959,928,15.6,1,1
88,tomo_1fb6a7,-1.0,-1.0,-1.0,300,960,928,16.8,0,0
89,tomo_20a9ed,185.0,319.0,560.0,300,960,928,13.1,1,1
90,tomo_210371,263.0,584.0,595.0,300,960,928,15.6,1,1
91,tomo_221a47,166.0,324.0,563.0,300,960,928,13.1,1,0
92,tomo_221c8e,-1.0,-1.0,-1.0,500,928,928,16.8,0,3
93,tomo_225d8f,61.0,483.0,497.0,300,960,928,13.1,1,3
94,tomo_226cd8,365.0,528.0,607.0,500,928,960,13.1,10,3
104,tomo_22976c,-1.0,-1.0,-1.0,500,928,960,13.1,0,1
105,tomo_229f0a,-1.0,-1.0,-1.0,500,960,928,16.8,0,1
106,tomo_23a8e8,132.0,686.0,356.0,300,960,928,15.6,1,4
107,tomo_23c8a4,-1.0,-1.0,-1.0,300,960,928,16.8,0,4
108,tomo_23ce49,152.0,248.0,532.0,300,959,928,15.6,1,3
109,tomo_247826,-1.0,-1.0,-1.0,500,960,928,16.8,0,2
110,tomo_24795a,144.0,702.0,703.0,300,960,928,15.6,1,0
111,tomo_2483bb,145.0,620.0,483.0,300,960,928,15.6,1,4
112,tomo_24a095,-1.0,-1.0,-1.0,800,928,960,13.1,0,3
113,tomo_24fda8,-1.0,-1.0,-1.0,300,960,928,15.6,0,0
114,tomo_256717,172.0,770.0,514.0,300,928,928,15.6,1,2
115,tomo_25780f,147.0,792.0,658.0,300,960,928,13.1,1,2
116,tomo_2645a0,-1.0,-1.0,-1.0,300,960,928,16.8,0,0
117,tomo_278194,-1.0,-1.0,-1.0,300,960,928,19.2,0,0
118,tomo_285454,-1.0,-1.0,-1.0,300,956,924,16.1,0,3
119,tomo_285d15,137.0,391.0,611.0,300,960,928,13.1,1,0
120,tomo_288d4f,-1.0,-1.0,-1.0,300,960,928,16.8,0,1
121,tomo_28f9c1,-1.0,-1.0,-1.0,500,924,956,16.1,0,2
122,tomo_2a6091,185.0,492.0,635.0,300,960,928,13.1,1,4
123,tomo_2a6ca2,32.0,528.0,347.0,300,960,928,13.1,1,1
124,tomo_2a89bb,-1.0,-1.0,-1.0,800,928,960,16.1,0,3
125,tomo_2acf68,135.0,337.0,679.0,300,960,928,13.1,1,2
126,tomo_2aeb29,-1.0,-1.0,-1.0,800,927,959,13.1,0,4
127,tomo_2b3cdf,134.0,173.0,662.0,300,960,928,13.1,2,0
128,tomo_2b996c,-1.0,-1.0,-1.0,300,960,928,16.8,0,1
129,tomo_2bb588,97.0,709.0,611.0,300,960,928,13.1,1,2
130,tomo_2c607f,108.0,349.0,527.0,300,960,928,13.1,1,1
131,tomo_2c8ea2,85.0,176.0,395.0,300,959,928,15.6,1,2
132,tomo_2c9da1,207.0,258.0,617.0,300,960,928,13.1,1,3
133,tomo_2c9f35,-1.0,-1.0,-1.0,300,960,928,16.8,0,3
134,tomo_2cace2,-1.0,-1.0,-1.0,300,960,928,16.8,0,4
135,tomo_2daaee,185.0,596.0,860.0,500,924,956,19.7,4,3
139,tomo_2dcd5c,125.0,414.0,519.0,300,960,928,13.1,1,2
140,tomo_2dd6bd,-1.0,-1.0,-1.0,300,928,928,16.8,0,3
141,tomo_2e1f4c,73.0,86.0,334.0,300,959,928,15.6,1,3
142,tomo_2f3261,143.0,458.0,695.0,300,960,928,13.1,1,4
143,tomo_2fb12d,-1.0,-1.0,-1.0,300,960,928,16.8,0,3
144,tomo_2fc82d,-1.0,-1.0,-1.0,300,960,928,16.8,0,0
145,tomo_305c97,65.0,684.0,410.0,300,960,928,15.6,1,3
146,tomo_307f33,-1.0,-1.0,-1.0,800,928,960,16.1,0,2
147,tomo_30b580,142.0,392.0,575.0,300,928,928,13.1,1,2
148,tomo_30d4e5,175.0,706.0,228.0,300,959,928,15.6,1,1
149,tomo_317656,97.0,409.0,758.0,300,960,928,13.1,1,0
150,tomo_3183d2,168.0,136.0,475.0,300,959,928,15.6,1,4
151,tomo_319f79,195.0,243.0,380.0,500,928,960,13.1,1,0
152,tomo_3264bc,-1.0,-1.0,-1.0,300,928,928,16.8,0,3
153,tomo_32aaa7,156.0,526.0,641.0,300,960,928,13.1,1,3
154,tomo_331130,106.0,553.0,323.0,300,960,928,13.1,1,3
155,tomo_35ec84,-1.0,-1.0,-1.0,800,928,960,16.1,0,1
156,tomo_369cce,95.0,361.0,268.0,300,960,928,13.1,1,0
157,tomo_37076e,131.0,379.0,298.0,300,960,928,13.1,1,3
158,tomo_372690,-1.0,-1.0,-1.0,800,928,960,13.1,0,2
159,tomo_372a5c,179.0,730.0,406.0,300,959,928,15.6,1,4
160,tomo_374ca7,-1.0,-1.0,-1.0,800,928,960,13.1,0,0
161,tomo_375513,204.0,577.0,228.0,300,960,928,13.1,1,0
162,tomo_378f43,166.0,763.0,526.0,300,960,928,13.1,1,3
163,tomo_37c426,-1.0,-1.0,-1.0,600,960,928,15.6,0,1
164,tomo_37dd38,200.0,321.0,602.0,500,924,956,19.7,3,1
167,tomo_381add,219.0,625.0,862.0,500,924,956,19.7,2,2
169,tomo_385eb6,-1.0,-1.0,-1.0,300,960,928,16.8,0,2
170,tomo_38c2a6,251.0,687.0,200.0,300,960,928,13.1,1,3
171,tomo_38d285,-1.0,-1.0,-1.0,800,928,960,13.1,0,1
172,tomo_399bd9,126.0,509.0,366.0,300,928,928,13.1,1,3
173,tomo_39b15b,-1.0,-1.0,-1.0,500,924,956,16.1,0,4
174,tomo_3a0914,-1.0,-1.0,-1.0,800,928,960,16.1,0,0
175,tomo_3a3519,-1.0,-1.0,-1.0,300,960,928,15.6,0,1
176,tomo_3a6a9d,-1.0,-1.0,-1.0,500,1024,1440,13.3,0,4
177,tomo_3a8480,223.0,460.0,896.0,500,924,956,19.7,2,4
179,tomo_3b1cc9,-1.0,-1.0,-1.0,300,960,928,13.1,0,0
180,tomo_3b7a22,-1.0,-1.0,-1.0,800,928,960,13.1,0,0
181,tomo_3b8291,-1.0,-1.0,-1.0,500,924,956,19.7,0,1
182,tomo_3b83c7,162.0,181.0,613.0,300,960,928,13.1,1,3
183,tomo_3c6038,99.0,324.0,156.0,300,959,928,15.6,1,2
184,tomo_3e6ead,-1.0,-1.0,-1.0,300,960,928,16.8,0,2
185,tomo_3e7407,265.0,349.0,736.0,500,924,956,19.7,4,3
189,tomo_3e7783,186.0,531.0,617.0,300,960,928,13.1,1,0
190,tomo_3eb9c8,150.0,411.0,416.0,300,960,928,13.1,1,4
191,tomo_401341,166.0,612.0,722.0,300,960,928,13.1,1,2
192,tomo_4077d8,73.0,100.0,225.0,300,928,928,15.6,1,0
193,tomo_40b215,-1.0,-1.0,-1.0,500,924,956,16.1,0,0
194,tomo_4102f1,149.0,820.0,485.0,300,928,928,15.6,1,1
195,tomo_412d88,89.0,103.0,272.0,300,928,928,15.6,1,2
196,tomo_417e5f,216.0,447.0,556.0,300,960,928,15.6,1,0
197,tomo_41ea80,-1.0,-1.0,-1.0,500,1024,1440,13.3,0,0
198,tomo_423d52,154.0,444.0,456.0,300,960,928,13.1,1,4
199,tomo_444829,112.0,786.0,641.0,300,928,928,13.1,1,1
200,tomo_4469a7,-1.0,-1.0,-1.0,300,960,928,16.8,0,2
201,tomo_4555b6,190.0,403.0,853.0,500,924,956,19.7,1,3
202,tomo_455dcd,36.0,660.0,535.0,300,960,928,13.1,1,2
203,tomo_46250a,170.0,168.0,336.0,300,928,928,15.6,1,1
204,tomo_464108,-1.0,-1.0,-1.0,800,928,928,13.1,0,4
205,tomo_466489,-1.0,-1.0,-1.0,300,960,928,16.8,0,1
206,tomo_47ac94,-1.0,-1.0,-1.0,300,960,928,15.6,0,1
207,tomo_47c399,168.0,177.0,438.0,300,960,928,13.1,1,0
208,tomo_47d380,-1.0,-1.0,-1.0,800,928,960,13.1,0,1
209,tomo_48dc93,208.0,712.0,483.0,500,924,956,19.7,2,3
211,tomo_4925ee,-1.0,-1.0,-1.0,300,960,928,19.2,0,4
212,tomo_493bea,170.0,380.0,136.0,300,960,928,13.1,1,1
213,tomo_49725c,150.0,624.0,739.0,300,959,928,15.6,2,3
215,tomo_499ee0,-1.0,-1.0,-1.0,300,960,928,16.8,0,2
216,tomo_49f4ee,166.0,670.0,413.0,300,928,928,13.1,1,2
217,tomo_4b124b,111.0,505.0,452.0,300,960,928,13.1,1,1
218,tomo_4b59a2,156.0,491.0,738.0,300,960,928,13.1,1,0
219,tomo_4baff0,-1.0,-1.0,-1.0,500,924,956,16.1,0,3
220,tomo_4c1ca8,-1.0,-1.0,-1.0,800,928,960,13.1,0,2
221,tomo_4c2e4e,-1.0,-1.0,-1.0,300,960,928,16.8,0,0
222,tomo_4d528f,-1.0,-1.0,-1.0,800,928,960,16.1,0,2
223,tomo_4e1b18,-1.0,-1.0,-1.0,500,924,956,19.7,0,3
224,tomo_4e38b8,209.0,753.0,370.0,300,959,928,15.6,1,2
225,tomo_4e3e37,-1.0,-1.0,-1.0,800,928,960,13.1,0,1
226,tomo_4e41c2,-1.0,-1.0,-1.0,800,927,959,13.1,0,2
227,tomo_4e478f,117.0,467.0,156.0,300,959,928,15.6,1,1
228,tomo_4ed9de,173.0,724.0,717.0,300,960,928,15.6,1,0
229,tomo_4ee35e,157.0,670.0,300.0,300,959,928,15.6,1,0
230,tomo_4f379f,124.0,535.0,151.0,300,959,928,15.6,1,0
231,tomo_4f5a7b,-1.0,-1.0,-1.0,300,960,928,13.1,0,1
232,tomo_507b7a,451.0,561.0,366.0,500,928,960,13.1,2,3
234,tomo_50cbd9,-1.0,-1.0,-1.0,800,928,960,13.1,0,3
235,tomo_50f0bf,-1.0,-1.0,-1.0,500,924,956,16.1,0,0
236,tomo_510f4e,191.0,236.0,381.0,300,928,928,16.8,1,2
237,tomo_512f98,-1.0,-1.0,-1.0,800,928,960,13.1,0,1
238,tomo_513010,128.0,150.0,499.0,300,960,928,13.1,1,1
239,tomo_516cdd,187.0,739.0,181.0,300,959,928,15.6,1,0
240,tomo_517f70,66.0,325.0,392.0,300,928,928,13.1,1,1
241,tomo_518a1f,108.0,564.0,683.0,300,960,928,15.6,1,2
242,tomo_51a47f,112.0,302.0,207.0,300,960,928,15.6,1,4
243,tomo_51a77e,-1.0,-1.0,-1.0,500,928,960,13.1,0,3
244,tomo_5308e8,-1.0,-1.0,-1.0,800,928,960,16.1,0,0
245,tomo_532d49,47.0,517.0,252.0,300,960,928,15.6,1,3
246,tomo_539259,152.0,503.0,613.0,300,960,928,16.8,1,0
247,tomo_53c71b,-1.0,-1.0,-1.0,800,928,960,13.1,0,3
248,tomo_53e048,190.0,666.0,542.0,300,960,928,13.1,1,1
249,tomo_54e1a7,-1.0,-1.0,-1.0,300,928,928,16.8,0,1
250,tomo_556257,123.0,210.0,434.0,300,959,928,15.6,1,2
251,tomo_568537,215.0,531.0,386.0,300,960,928,13.1,1,4
252,tomo_569981,-1.0,-1.0,-1.0,800,928,928,13.1,0,0
253,tomo_56b9a3,60.0,299.0,498.0,300,928,928,13.1,1,1
254,tomo_57592d,174.0,904.0,560.0,300,928,928,15.6,1,2
255,tomo_5764d6,92.0,679.0,580.0,500,928,960,13.1,1,3
256,tomo_57c814,168.0,359.0,402.0,300,928,928,13.1,1,2
257,tomo_5984bf,-1.0,-1.0,-1.0,800,928,960,13.1,0,1
258,tomo_59b470,139.0,152.0,631.0,300,960,928,15.6,1,4
259,tomo_5b087f,159.0,252.0,373.0,300,959,928,15.6,1,0
260,tomo_5b34b2,112.0,613.0,233.0,300,960,928,13.1,1,2
261,tomo_5b359d,-1.0,-1.0,-1.0,800,928,960,13.1,0,4
262,tomo_5b8db4,-1.0,-1.0,-1.0,800,928,960,13.1,0,3
263,tomo_5ba0cf,217.0,627.0,315.0,500,924,956,19.7,2,2
265,tomo_5bb31c,-1.0,-1.0,-1.0,800,928,928,19.3,0,2
266,tomo_5d01e8,-1.0,-1.0,-1.0,500,1024,1440,13.3,0,0
267,tomo_5d4c65,190.0,601.0,652.0,500,928,960,13.1,4,2
271,tomo_5d798e,121.0,349.0,402.0,300,960,928,15.6,1,4
272,tomo_5dd63d,135.0,823.0,772.0,300,960,928,13.1,1,1
273,tomo_5e2a91,267.0,574.0,284.0,300,960,928,15.6,1,4
274,tomo_5f1f0c,-1.0,-1.0,-1.0,300,960,928,16.8,0,4
275,tomo_5f235a,119.0,656.0,372.0,300,960,928,13.1,1,4
276,tomo_5f34b3,-1.0,-1.0,-1.0,500,924,956,19.7,0,1
277,tomo_603e40,118.0,123.0,367.0,300,960,928,13.1,1,4
278,tomo_60d478,75.0,681.0,456.0,300,928,928,13.1,1,3
279,tomo_60ddbd,69.0,450.0,492.0,300,960,928,13.1,1,4
280,tomo_616f0b,149.0,874.0,609.0,300,959,928,15.6,1,3
281,tomo_61e947,-1.0,-1.0,-1.0,800,928,960,13.1,0,4
282,tomo_622ca9,88.0,348.0,565.0,300,928,928,13.1,1,4
283,tomo_62dbea,90.0,656.0,789.0,300,960,928,13.1,1,0
284,tomo_62eea8,111.0,469.0,334.0,300,960,928,13.1,2,4
285,tomo_6303f0,199.0,590.0,212.0,300,960,928,13.1,1,1
286,tomo_634b06,212.0,185.0,728.0,500,928,960,13.1,4,4
290,tomo_63e635,-1.0,-1.0,-1.0,800,928,960,13.1,0,2
291,tomo_640a74,3.0,563.0,673.0,300,960,928,13.1,1,3
292,tomo_643b20,168.0,387.0,596.0,300,960,928,13.1,1,4
293,tomo_646049,-1.0,-1.0,-1.0,300,960,928,15.6,0,4
294,tomo_6478e5,-1.0,-1.0,-1.0,300,960,928,16.8,0,4
295,tomo_648adf,-1.0,-1.0,-1.0,400,960,928,15.6,0,2
296,tomo_651ec2,-1.0,-1.0,-1.0,500,924,956,16.1,0,2
297,tomo_651ecd,152.0,455.0,337.0,300,960,928,13.1,1,1
298,tomo_6521dc,-1.0,-1.0,-1.0,300,960,928,15.6,0,3
299,tomo_656915,202.0,794.0,167.0,500,924,956,19.7,1,1
300,tomo_6607ec,-1.0,-1.0,-1.0,300,960,928,15.6,0,2
301,tomo_66285d,75.0,438.0,640.0,300,928,928,13.1,1,2
302,tomo_672101,102.0,290.0,581.0,300,960,928,13.1,1,4
303,tomo_6733fa,133.0,323.0,751.0,300,960,928,13.1,1,0
304,tomo_675583,187.0,565.0,765.0,300,960,928,16.8,1,3
305,tomo_67565e,124.0,622.0,610.0,300,959,928,15.6,1,1
306,tomo_676744,252.0,589.0,491.0,300,960,928,16.8,1,4
307,tomo_67717e,137.0,280.0,561.0,300,959,928,15.6,2,1
309,tomo_67ff4e,-1.0,-1.0,-1.0,800,928,960,16.1,0,4
310,tomo_68e123,89.0,771.0,530.0,300,928,928,15.6,1,4
311,tomo_692081,-1.0,-1.0,-1.0,800,928,960,16.1,0,1
312,tomo_6943e6,-1.0,-1.0,-1.0,300,960,928,16.8,0,2
313,tomo_69d7c9,-1.0,-1.0,-1.0,300,960,928,16.8,0,0
314,tomo_6a6a3b,-1.0,-1.0,-1.0,800,928,960,13.1,0,1
315,tomo_6a84b7,-1.0,-1.0,-1.0,800,928,960,13.1,0,1
316,tomo_6acb9e,80.0,562.0,831.0,300,960,928,13.1,1,4
317,tomo_6b1fd3,-1.0,-1.0,-1.0,500,924,956,19.7,0,2
318,tomo_6bb452,-1.0,-1.0,-1.0,800,928,960,13.1,0,3
319,tomo_6bc974,74.0,555.0,610.0,300,928,928,13.1,1,4
320,tomo_6c203d,165.0,308.0,280.0,300,960,928,13.1,1,1
321,tomo_6c4df3,-1.0,-1.0,-1.0,500,924,956,19.7,0,2
322,tomo_6c5a26,175.0,620.0,478.0,300,960,928,15.6,1,2
323,tomo_6cb0f0,144.0,657.0,273.0,300,960,928,13.1,1,0
324,tomo_6cf2df,436.0,261.0,514.0,500,928,960,13.1,2,0
326,tomo_6d22d1,50.0,797.0,362.0,300,960,928,13.1,1,1
327,tomo_6df2d6,105.0,788.0,537.0,300,960,928,13.1,1,4
328,tomo_6e196d,-1.0,-1.0,-1.0,500,1024,1440,13.3,0,3
329,tomo_6e237a,119.0,796.0,663.0,300,959,928,15.6,1,0
330,tomo_6f0ee4,165.0,336.0,202.0,300,959,928,15.6,1,0
331,tomo_6f2c1f,216.0,608.0,328.0,300,960,928,13.1,1,0
332,tomo_6f83d4,123.0,424.0,293.0,300,960,928,13.1,1,2
333,tomo_7036ee,166.0,569.0,724.0,300,960,928,13.1,1,2
334,tomo_711fad,-1.0,-1.0,-1.0,500,924,956,19.7,0,1
335,tomo_71d2c0,-1.0,-1.0,-1.0,800,928,928,19.3,0,2
336,tomo_71ece1,149.0,424.0,416.0,300,928,928,13.1,1,4
337,tomo_72763e,154.0,592.0,875.0,300,959,928,15.6,1,2
338,tomo_72b187,-1.0,-1.0,-1.0,300,960,928,13.1,0,2
339,tomo_73173f,142.0,655.0,567.0,300,928,928,13.2,1,3
340,tomo_736dfa,-1.0,-1.0,-1.0,800,927,959,13.1,0,3
341,tomo_738500,200.0,389.0,437.0,300,960,928,15.6,1,2
342,tomo_746d88,-1.0,-1.0,-1.0,800,928,928,19.3,0,4
343,tomo_754447,201.0,207.0,459.0,500,924,956,19.7,2,3
345,tomo_7550f4,134.0,500.0,710.0,300,960,928,16.8,1,2
346,tomo_769126,95.0,114.0,566.0,300,960,928,13.1,1,1
347,tomo_76a42b,181.0,497.0,635.0,300,960,928,13.1,1,2
348,tomo_774aae,-1.0,-1.0,-1.0,800,928,960,16.1,0,2
349,tomo_78b03d,-1.0,-1.0,-1.0,300,960,928,16.8,0,4
350,tomo_79756f,206.0,795.0,230.0,300,959,928,15.6,1,4
351,tomo_79a385,196.0,704.0,676.0,300,960,928,15.6,1,0
352,tomo_79d622,218.0,308.0,505.0,300,928,928,13.1,1,1
353,tomo_7a49bd,-1.0,-1.0,-1.0,500,1024,1440,13.3,0,2
354,tomo_7a9b64,125.0,402.0,469.0,300,960,928,13.1,1,0
355,tomo_7b1ee3,182.0,651.0,626.0,300,960,928,13.1,1,4
356,tomo_7ca7c0,89.0,712.0,107.0,300,928,928,15.6,3,4
359,tomo_7cf523,-1.0,-1.0,-1.0,300,960,928,16.8,0,1
360,tomo_7dc063,-1.0,-1.0,-1.0,800,928,960,13.1,0,0
361,tomo_7dcfb8,-1.0,-1.0,-1.0,300,960,928,16.8,0,4
362,tomo_7e3494,-1.0,-1.0,-1.0,800,928,960,16.1,0,3
363,tomo_7eb641,-1.0,-1.0,-1.0,300,960,928,15.6,0,1
364,tomo_7f0184,228.0,331.0,350.0,300,960,928,13.1,1,3
365,tomo_7fa3b1,-1.0,-1.0,-1.0,300,960,928,19.2,0,3
366,tomo_7fbc49,0.0,556.0,359.0,300,960,928,13.1,1,3
367,tomo_806a8f,110.0,749.0,427.0,300,960,928,13.1,1,4
368,tomo_80bf0f,-1.0,-1.0,-1.0,500,960,928,16.8,0,2
369,tomo_813916,-1.0,-1.0,-1.0,800,928,960,13.1,0,3
370,tomo_81445c,102.0,807.0,233.0,300,960,928,13.1,1,4
371,tomo_8174f5,-1.0,-1.0,-1.0,500,1024,1440,13.3,0,2
372,tomo_821255,-1.0,-1.0,-1.0,300,960,928,15.6,0,3
373,tomo_823bc7,160.0,356.0,805.0,300,960,928,13.1,1,3
374,tomo_82d780,107.0,366.0,574.0,300,960,928,15.6,1,1
375,tomo_8351d1,-1.0,-1.0,-1.0,500,1024,1440,13.3,0,1
376,tomo_84997e,139.0,813.0,688.0,300,959,928,15.6,1,3
377,tomo_8554af,93.0,254.0,549.0,300,960,928,15.6,1,3
378,tomo_85708b,-1.0,-1.0,-1.0,800,928,960,16.1,0,3
379,tomo_85edfd,-1.0,-1.0,-1.0,300,960,928,16.8,0,1
380,tomo_85fa87,152.0,369.0,41.0,300,959,928,15.6,1,2
381,tomo_8634ee,-1.0,-1.0,-1.0,800,928,960,13.1,0,4
382,tomo_868255,243.0,373.0,784.0,300,960,928,15.6,1,2
383,tomo_881d84,189.0,527.0,393.0,300,960,928,16.8,1,0
384,tomo_88af60,-1.0,-1.0,-1.0,500,1024,1440,13.3,0,0
385,tomo_891730,244.0,193.0,387.0,300,960,928,13.1,1,3
386,tomo_891afe,-1.0,-1.0,-1.0,300,960,928,16.8,0,0
387,tomo_89d156,138.0,410.0,351.0,300,928,928,13.1,1,3
388,tomo_8acc4b,-1.0,-1.0,-1.0,500,1024,1440,13.3,0,0
389,tomo_8b6795,141.0,220.0,159.0,300,960,928,13.1,1,4
390,tomo_8c13d9,119.0,442.0,285.0,300,928,928,13.1,1,1
391,tomo_8d231b,-1.0,-1.0,-1.0,300,960,928,15.6,0,2
392,tomo_8d2d48,117.0,683.0,609.0,300,924,956,19.7,4,4
396,tomo_8d5995,-1.0,-1.0,-1.0,300,960,928,15.6,0,3
397,tomo_8e30f5,-1.0,-1.0,-1.0,300,960,928,15.6,0,4
398,tomo_8e4919,-1.0,-1.0,-1.0,300,960,928,15.6,0,0
399,tomo_8e4f7d,131.0,593.0,480.0,300,960,928,13.1,1,1
400,tomo_8e58f1,111.0,422.0,280.0,300,960,928,15.6,1,4
401,tomo_8e8368,169.0,295.0,600.0,300,959,928,15.6,1,2
402,tomo_8e90f9,157.0,396.0,707.0,300,960,928,16.8,1,2
403,tomo_8ee8fd,-1.0,-1.0,-1.0,300,960,928,16.1,0,1
404,tomo_8f063a,159.0,382.0,99.0,300,960,928,13.1,1,2
405,tomo_8f4d60,120.0,450.0,457.0,300,960,928,15.6,1,3
406,tomo_8f5995,157.0,330.0,220.0,300,960,928,13.1,1,1
407,tomo_91031e,-1.0,-1.0,-1.0,300,960,928,16.8,0,3
408,tomo_918e2b,210.0,489.0,540.0,300,960,928,13.1,1,3
409,tomo_91beab,-1.0,-1.0,-1.0,500,924,956,19.7,0,4
410,tomo_91c84c,126.0,462.0,638.0,300,960,928,15.6,1,3
411,tomo_935ae0,133.0,578.0,123.0,300,960,928,13.1,1,2
412,tomo_935f8a,-1.0,-1.0,-1.0,300,960,928,16.8,0,0
413,tomo_93c0b4,43.0,683.0,320.0,300,960,928,13.1,1,0
414,tomo_94a841,-1.0,-1.0,-1.0,300,960,928,15.6,0,4
415,tomo_94c173,59.0,541.0,369.0,300,960,928,13.1,1,2
416,tomo_957567,-1.0,-1.0,-1.0,300,960,928,13.1,0,3
417,tomo_95c0eb,-1.0,-1.0,-1.0,800,927,959,13.1,0,2
418,tomo_95e699,150.0,344.0,439.0,300,960,928,13.1,1,1
419,tomo_9674bf,90.0,601.0,156.0,300,960,928,13.1,1,2
420,tomo_971966,-1.0,-1.0,-1.0,500,924,956,16.1,0,0
421,tomo_9722d1,286.0,80.0,642.0,500,924,956,19.7,2,3
423,tomo_974fd4,-1.0,-1.0,-1.0,300,928,928,16.8,0,4
424,tomo_975287,-1.0,-1.0,-1.0,500,924,956,19.7,0,2
425,tomo_97876d,-1.0,-1.0,-1.0,800,928,960,13.1,0,3
426,tomo_97a2c6,158.0,404.0,182.0,300,959,928,15.6,1,2
427,tomo_983fce,-1.0,-1.0,-1.0,500,928,960,13.1,0,0
428,tomo_98686a,226.0,586.0,545.0,300,960,928,13.1,1,1
429,tomo_98d455,173.0,799.0,162.0,300,959,928,15.6,1,4
430,tomo_997240,179.0,489.0,869.0,500,924,956,19.7,2,1
432,tomo_997437,123.0,754.0,764.0,300,959,928,15.6,1,4
433,tomo_9986f0,208.0,556.0,376.0,300,960,928,13.1,1,0
434,tomo_9997b3,237.0,491.0,442.0,300,960,928,15.6,1,4
435,tomo_99a3ce,81.0,574.0,665.0,300,960,928,13.1,1,4
436,tomo_9a7701,166.0,258.0,87.0,500,924,956,19.7,6,2
442,tomo_9ae65f,-1.0,-1.0,-1.0,500,924,956,19.7,0,4
443,tomo_9aee96,-1.0,-1.0,-1.0,800,928,960,13.1,0,1
444,tomo_9c0253,209.0,408.0,821.0,300,960,928,13.1,1,0
445,tomo_9cd09e,124.0,817.0,772.0,300,960,928,13.1,1,4
446,tomo_9cde9d,-1.0,-1.0,-1.0,600,928,928,19.3,0,4
447,tomo_9d3a0e,157.0,787.0,355.0,300,960,928,13.1,1,3
448,tomo_9dbc12,-1.0,-1.0,-1.0,500,924,956,16.1,0,3
449,tomo_9ed470,160.0,270.0,665.0,300,959,928,15.6,1,1
450,tomo_9f1828,113.0,219.0,665.0,300,959,928,15.6,1,0
451,tomo_9f222a,141.0,302.0,522.0,300,960,928,16.8,1,1
452,tomo_9f424e,-1.0,-1.0,-1.0,800,928,928,19.3,0,1
453,tomo_9f918e,-1.0,-1.0,-1.0,800,928,960,16.1,0,0
454,tomo_9fc2b6,128.0,728.0,570.0,300,960,928,13.1,1,1
455,tomo_a020d7,202.0,438.0,320.0,300,928,928,13.1,1,1
456,tomo_a0cb00,88.0,529.0,700.0,300,960,928,13.1,1,0
457,tomo_a1a9a3,78.0,590.0,125.0,300,960,928,15.6,1,0
458,tomo_a2a928,-1.0,-1.0,-1.0,300,960,928,16.8,0,1
459,tomo_a2bf30,152.0,260.0,464.0,300,960,928,16.8,1,1
460,tomo_a37a5c,161.0,748.0,709.0,300,959,928,15.6,1,3
461,tomo_a3ed10,-1.0,-1.0,-1.0,800,928,960,13.1,0,2
462,tomo_a46b26,175.0,492.0,658.0,300,960,928,15.6,1,1
463,tomo_a4c52f,94.0,421.0,402.0,300,960,928,15.6,1,1
464,tomo_a4f419,-1.0,-1.0,-1.0,800,928,960,16.1,0,3
465,tomo_a537dd,49.0,512.0,373.0,300,960,928,15.6,1,1
466,tomo_a549d6,170.0,355.0,735.0,300,960,928,13.1,2,4
468,tomo_a5ac23,171.0,438.0,138.0,300,959,928,15.6,2,0
470,tomo_a6646f,-1.0,-1.0,-1.0,800,928,960,13.1,0,3
471,tomo_a67e9f,277.0,158.0,774.0,500,924,956,19.7,1,0
472,tomo_a72a52,-1.0,-1.0,-1.0,800,928,960,13.1,0,3
473,tomo_a75c98,107.0,456.0,346.0,300,960,928,13.1,1,1
474,tomo_a8073d,387.0,59.0,188.0,500,928,960,13.1,3,2
477,tomo_a81e01,162.0,278.0,70.0,300,959,928,15.6,1,3
478,tomo_a84050,80.0,771.0,150.0,300,928,928,13.1,2,1
480,tomo_a8bf76,143.0,335.0,383.0,300,960,928,13.1,1,2
481,tomo_a910fe,78.0,377.0,326.0,300,960,928,13.1,1,3
482,tomo_a9d067,250.0,657.0,564.0,500,924,956,19.7,3,4
485,tomo_aaa1fd,-1.0,-1.0,-1.0,300,960,928,15.6,0,0
486,tomo_ab30af,-1.0,-1.0,-1.0,500,1024,1440,13.3,0,4
487,tomo_ab78d0,-1.0,-1.0,-1.0,800,928,960,13.1,0,4
488,tomo_ab804d,-1.0,-1.0,-1.0,800,928,960,13.1,0,0
489,tomo_abac2e,155.0,535.0,96.0,300,959,928,15.6,1,0
490,tomo_abb45a,156.0,748.0,688.0,300,960,928,13.1,1,3
491,tomo_abbd3b,-1.0,-1.0,-1.0,800,928,928,19.3,0,3
492,tomo_ac4f0d,-1.0,-1.0,-1.0,800,928,960,16.1,0,0
493,tomo_ac9fef,-1.0,-1.0,-1.0,500,924,956,19.7,0,2
494,tomo_acadd7,60.0,488.0,759.0,300,960,928,15.6,1,1
495,tomo_adc026,157.0,432.0,776.0,300,959,928,15.6,1,1
496,tomo_ae347a,180.0,775.0,596.0,500,924,956,19.7,2,4
498,tomo_aeaf51,-1.0,-1.0,-1.0,500,1024,1440,13.3,0,0
499,tomo_aec312,239.0,542.0,381.0,500,924,956,19.7,2,4
501,tomo_aff073,-1.0,-1.0,-1.0,500,924,956,16.1,0,3
502,tomo_b03f81,116.0,439.0,767.0,300,960,928,13.1,1,1
503,tomo_b0ded6,267.0,343.0,834.0,500,924,956,19.7,2,1
505,tomo_b0e5c6,133.0,593.0,861.0,300,928,928,15.6,1,1
506,tomo_b10aa4,-1.0,-1.0,-1.0,300,960,928,15.6,0,2
507,tomo_b11ddc,-1.0,-1.0,-1.0,300,960,928,19.2,0,3
508,tomo_b18127,-1.0,-1.0,-1.0,500,924,956,19.7,0,4
509,tomo_b24f1a,-1.0,-1.0,-1.0,300,960,928,15.6,0,2
510,tomo_b28579,-1.0,-1.0,-1.0,800,927,959,13.1,0,1
511,tomo_b2b342,-1.0,-1.0,-1.0,300,960,928,15.6,0,2
512,tomo_b2eb0c,-1.0,-1.0,-1.0,500,1024,1440,13.3,0,2
513,tomo_b2ebbc,107.0,461.0,234.0,300,960,928,13.1,1,0
514,tomo_b33d4e,434.0,237.0,734.0,500,928,960,13.1,2,2
516,tomo_b4a1f0,208.0,723.0,402.0,500,924,956,19.7,4,1
520,tomo_b4d92b,96.0,625.0,647.0,300,960,928,13.1,1,0
521,tomo_b4d9da,-1.0,-1.0,-1.0,800,928,960,13.1,0,4
522,tomo_b50c0f,143.0,710.0,779.0,300,928,928,15.6,1,1
523,tomo_b54396,40.0,630.0,335.0,300,960,928,13.1,1,0
524,tomo_b7becf,-1.0,-1.0,-1.0,800,927,959,13.1,0,4
525,tomo_b7d014,176.0,381.0,274.0,500,928,960,13.1,2,0
527,tomo_b7d94c,105.0,747.0,659.0,300,960,928,13.1,1,4
528,tomo_b80310,123.0,429.0,296.0,300,928,928,13.1,1,1
529,tomo_b8595d,-1.0,-1.0,-1.0,300,928,928,16.8,0,1
530,tomo_b87c8e,-1.0,-1.0,-1.0,300,960,928,13.1,0,4
531,tomo_b8f096,142.0,596.0,584.0,300,960,928,13.1,1,4
532,tomo_b9088c,-1.0,-1.0,-1.0,300,960,928,15.6,0,1
533,tomo_b93a2d,-1.0,-1.0,-1.0,300,960,928,16.8,0,0
534,tomo_b98cf6,-1.0,-1.0,-1.0,800,928,960,13.1,0,3
535,tomo_b9de3e,-1.0,-1.0,-1.0,500,1024,1440,13.3,0,2
536,tomo_b9eb9a,-1.0,-1.0,-1.0,300,960,928,15.6,0,0
537,tomo_ba37ec,149.0,601.0,365.0,300,960,928,15.6,1,4
538,tomo_ba76d8,-1.0,-1.0,-1.0,800,928,928,19.3,0,2
539,tomo_ba9b3d,139.0,856.0,343.0,300,959,928,15.6,1,2
540,tomo_bad724,-1.0,-1.0,-1.0,800,928,960,13.1,0,4
541,tomo_bad7b3,194.0,383.0,682.0,300,959,928,15.6,2,4
543,tomo_bb5ac1,-1.0,-1.0,-1.0,300,960,928,16.8,0,2
544,tomo_bb9df3,244.0,619.0,380.0,300,960,928,15.6,1,2
545,tomo_bbe766,195.0,855.0,288.0,300,959,928,15.6,1,1
546,tomo_bc143f,-1.0,-1.0,-1.0,500,924,956,19.7,0,0
547,tomo_bcb115,-1.0,-1.0,-1.0,300,960,928,16.8,0,4
548,tomo_bd42fa,-1.0,-1.0,-1.0,500,928,960,13.1,0,4
549,tomo_bdc097,-1.0,-1.0,-1.0,300,960,928,16.8,0,1
550,tomo_bdd3a0,141.0,814.0,590.0,300,959,928,15.6,1,2
551,tomo_bde7f3,235.0,542.0,283.0,300,960,928,13.1,1,0
552,tomo_be4a3a,111.0,602.0,896.0,300,959,928,15.6,1,2
553,tomo_be9b98,-1.0,-1.0,-1.0,800,928,960,13.1,0,0
554,tomo_bebadf,143.0,360.0,410.0,300,960,928,13.1,1,2
555,tomo_bede89,157.0,597.0,661.0,300,960,928,13.1,1,4
556,tomo_bf1398,235.0,583.0,185.0,500,924,956,19.7,2,2
558,tomo_bfd5ea,-1.0,-1.0,-1.0,500,924,956,16.1,0,3
559,tomo_bfdf19,-1.0,-1.0,-1.0,300,960,928,15.6,0,4
560,tomo_c00ab5,104.0,529.0,464.0,300,960,928,13.1,1,1
561,tomo_c10f64,-1.0,-1.0,-1.0,300,960,928,19.2,0,3
562,tomo_c11e12,171.0,687.0,620.0,300,959,928,15.6,1,1
563,tomo_c13fbf,-1.0,-1.0,-1.0,500,924,956,19.7,0,0
564,tomo_c3619a,-1.0,-1.0,-1.0,300,928,928,16.8,0,0
565,tomo_c36b4b,-1.0,-1.0,-1.0,300,960,928,16.8,0,1
566,tomo_c36baf,92.0,406.0,660.0,300,960,928,13.1,1,1
567,tomo_c38e83,-1.0,-1.0,-1.0,500,928,960,13.1,0,4
568,tomo_c46d3c,202.0,528.0,592.0,300,960,928,13.1,1,4
569,tomo_c4a4bb,204.0,616.0,471.0,300,960,928,13.1,1,0
570,tomo_c4bfe2,-1.0,-1.0,-1.0,800,928,960,13.1,0,4
571,tomo_c4db00,-1.0,-1.0,-1.0,300,960,928,13.1,0,3
572,tomo_c596be,-1.0,-1.0,-1.0,800,928,960,13.1,0,2
573,tomo_c649f8,146.0,798.0,635.0,300,960,928,13.1,1,2
574,tomo_c678d9,142.0,271.0,420.0,300,928,928,16.8,1,0
575,tomo_c6f50a,-1.0,-1.0,-1.0,300,960,928,16.8,0,0
576,tomo_c77de0,-1.0,-1.0,-1.0,494,1912,1847,6.5,0,2
577,tomo_c7a40f,-1.0,-1.0,-1.0,500,1024,1440,13.3,0,3
578,tomo_c7b008,83.0,484.0,854.0,300,960,928,15.6,1,0
579,tomo_c84b46,-1.0,-1.0,-1.0,300,960,928,16.8,0,3
580,tomo_c84b8e,147.0,317.0,681.0,300,960,928,13.1,2,0
581,tomo_c8f3ce,135.0,173.0,214.0,300,928,928,15.6,1,3
582,tomo_c925ee,-1.0,-1.0,-1.0,800,927,959,13.1,0,0
583,tomo_c9d07c,-1.0,-1.0,-1.0,500,924,956,16.1,0,1
584,tomo_ca1d13,364.0,72.0,688.0,500,928,960,13.1,1,2
585,tomo_ca472a,-1.0,-1.0,-1.0,800,928,960,13.1,0,0
586,tomo_ca8be0,-1.0,-1.0,-1.0,500,928,928,19.3,0,2
587,tomo_cabaa0,-1.0,-1.0,-1.0,500,924,956,19.7,0,0
588,tomo_cacb75,240.0,153.0,507.0,300,960,928,15.6,1,0
589,tomo_cad74b,388.0,838.0,639.0,500,928,960,13.1,3,4
592,tomo_cae587,-1.0,-1.0,-1.0,300,960,928,15.6,0,4
593,tomo_cb5ec6,-1.0,-1.0,-1.0,800,928,960,16.1,0,1
594,tomo_cc2b5c,118.0,443.0,477.0,300,960,928,16.8,1,3
595,tomo_cc3fc4,199.0,389.0,218.0,300,960,928,13.1,1,1
596,tomo_cc65a9,136.0,266.0,486.0,300,960,928,15.6,1,3
597,tomo_cd1a7c,162.0,487.0,703.0,300,960,928,16.8,1,2
598,tomo_cf0875,41.0,560.0,664.0,300,960,928,13.1,1,1
599,tomo_cf53d0,235.0,393.0,316.0,300,928,928,13.1,1,2
600,tomo_cf5bfc,-1.0,-1.0,-1.0,800,928,960,13.1,0,0
601,tomo_cff77a,242.0,490.0,536.0,300,960,928,15.6,1,3
602,tomo_d0699e,-1.0,-1.0,-1.0,300,960,928,16.8,0,2
603,tomo_d0aa3b,164.0,625.0,792.0,300,928,928,15.6,1,1
604,tomo_d0c025,158.0,570.0,719.0,300,960,928,13.1,1,4
605,tomo_d0d9b6,-1.0,-1.0,-1.0,800,927,959,13.1,0,1
606,tomo_d21396,116.0,218.0,382.0,300,959,928,15.6,1,2
607,tomo_d23087,88.0,475.0,357.0,300,960,928,13.1,1,0
608,tomo_d2339b,105.0,626.0,532.0,300,960,928,13.1,1,0
609,tomo_d26fcb,118.0,305.0,573.0,300,960,928,13.1,1,3
610,tomo_d2b1bc,95.0,535.0,192.0,300,960,928,13.1,1,3
611,tomo_d31c96,-1.0,-1.0,-1.0,800,928,960,13.1,0,3
612,tomo_d396b5,164.0,518.0,115.0,300,960,928,15.6,1,0
613,tomo_d3bef7,128.0,657.0,645.0,300,960,928,13.1,1,4
614,tomo_d5465a,-1.0,-1.0,-1.0,800,928,960,13.1,0,0
615,tomo_d56709,168.0,480.0,875.0,500,924,956,19.7,2,3
617,tomo_d5aa20,-1.0,-1.0,-1.0,800,928,960,16.1,0,4
618,tomo_d634b7,123.0,559.0,382.0,300,960,928,13.1,1,4
619,tomo_d662b0,222.0,894.0,385.0,500,924,956,19.7,6,3
625,tomo_d6c63f,173.0,636.0,698.0,300,960,928,13.1,1,2
626,tomo_d6e3c7,-1.0,-1.0,-1.0,300,928,928,16.8,0,0
627,tomo_d723cd,-1.0,-1.0,-1.0,800,928,960,16.1,0,2
628,tomo_d7475d,143.0,221.0,440.0,300,960,928,15.6,1,1
629,tomo_d83ff4,115.0,685.0,701.0,300,959,928,15.6,1,2
630,tomo_d84544,55.0,586.0,602.0,300,960,928,13.1,1,4
631,tomo_d8c917,-1.0,-1.0,-1.0,800,928,960,13.1,0,3
632,tomo_d916dc,163.0,524.0,365.0,300,960,928,16.8,1,1
633,tomo_d96d6e,-1.0,-1.0,-1.0,800,928,960,13.1,0,4
634,tomo_d9a2af,102.0,830.0,385.0,300,960,928,13.1,1,2
635,tomo_da38ea,134.0,299.0,278.0,300,959,928,15.6,1,4
636,tomo_da79d8,239.0,186.0,492.0,500,924,956,19.7,4,3
640,tomo_dae195,-1.0,-1.0,-1.0,800,928,960,16.1,0,1
641,tomo_db2a10,-1.0,-1.0,-1.0,300,928,928,16.8,0,1
642,tomo_db4517,178.0,774.0,687.0,300,960,928,13.1,1,0
643,tomo_db6051,-1.0,-1.0,-1.0,500,928,960,13.1,0,1
644,tomo_db656f,130.0,278.0,563.0,300,959,928,15.6,1,3
645,tomo_dbc66d,-1.0,-1.0,-1.0,300,960,928,16.8,0,2
646,tomo_dc9a96,-1.0,-1.0,-1.0,500,1024,1440,13.3,0,0
647,tomo_dcb9b4,153.0,493.0,359.0,300,960,928,15.6,1,1
648,tomo_dd36c9,-1.0,-1.0,-1.0,500,924,956,16.1,0,1
649,tomo_decb81,59.0,588.0,478.0,300,960,928,15.6,1,0
650,tomo_dee783,-1.0,-1.0,-1.0,300,960,928,15.6,0,0
651,tomo_df866a,-1.0,-1.0,-1.0,300,960,928,16.8,0,4
652,tomo_dfc627,97.0,353.0,766.0,300,960,928,13.1,1,0
653,tomo_dfdc32,-1.0,-1.0,-1.0,500,924,956,19.7,0,0
654,tomo_e0739f,-1.0,-1.0,-1.0,300,960,928,16.8,0,1
655,tomo_e1a034,-1.0,-1.0,-1.0,300,960,928,19.2,0,1
656,tomo_e1e5d3,21.0,564.0,452.0,300,960,928,13.1,1,4
657,tomo_e22370,253.0,741.0,255.0,500,924,956,19.7,3,3
660,tomo_e26c6b,133.0,174.0,317.0,300,928,928,15.6,1,2
661,tomo_e2a336,-1.0,-1.0,-1.0,800,928,928,19.3,0,2
662,tomo_e2ccab,119.0,353.0,80.0,300,928,928,15.6,1,0
663,tomo_e2da77,-1.0,-1.0,-1.0,800,928,960,13.1,0,0
664,tomo_e32b81,-1.0,-1.0,-1.0,300,960,928,15.6,0,2
665,tomo_e34af8,249.0,359.0,500.0,300,960,928,15.6,1,0
666,tomo_e3864f,-1.0,-1.0,-1.0,800,928,928,19.3,0,1
667,tomo_e50f04,-1.0,-1.0,-1.0,300,960,928,16.8,0,4
668,tomo_e51e5e,153.0,860.0,588.0,300,959,928,15.6,1,2
669,tomo_e55f81,-1.0,-1.0,-1.0,300,960,928,16.8,0,2
670,tomo_e57baf,108.0,394.0,143.0,300,959,928,15.6,1,0
671,tomo_e5a091,-1.0,-1.0,-1.0,500,960,928,16.8,0,4
672,tomo_e5ac94,161.0,481.0,342.0,300,960,928,13.1,1,0
673,tomo_e61cdf,149.0,278.0,377.0,300,959,928,15.6,1,2
674,tomo_e63ab4,157.0,415.0,265.0,300,960,928,13.1,1,4
675,tomo_e685b8,185.0,167.0,466.0,300,959,928,15.6,1,4
676,tomo_e6f7f7,180.0,548.0,267.0,300,960,928,13.1,2,3
677,tomo_e71210,189.0,521.0,453.0,300,960,928,15.6,1,1
678,tomo_e72e60,-1.0,-1.0,-1.0,300,960,928,13.1,0,3
679,tomo_e764a7,-1.0,-1.0,-1.0,500,960,928,16.8,0,4
680,tomo_e77217,-1.0,-1.0,-1.0,800,928,960,13.1,0,4
681,tomo_e7c195,-1.0,-1.0,-1.0,300,960,928,16.8,0,0
682,tomo_e81143,-1.0,-1.0,-1.0,300,960,928,15.6,0,0
683,tomo_e8db69,-1.0,-1.0,-1.0,300,960,928,16.8,0,3
684,tomo_e96200,-1.0,-1.0,-1.0,300,928,928,16.8,0,3
685,tomo_e9b7f2,-1.0,-1.0,-1.0,300,960,928,15.6,0,3
686,tomo_e9fa5f,-1.0,-1.0,-1.0,800,928,960,13.1,0,2
687,tomo_ea3f3a,197.0,405.0,500.0,300,960,928,16.8,1,3
688,tomo_eb26ee,-1.0,-1.0,-1.0,500,1024,1440,13.3,0,1
689,tomo_eb4fd4,70.0,782.0,30.0,300,959,928,15.6,1,4
690,tomo_ec1314,153.0,586.0,858.0,300,959,928,15.6,1,3
691,tomo_ec607b,432.0,159.0,202.0,500,928,960,13.1,2,0
693,tomo_ecbc12,-1.0,-1.0,-1.0,800,928,960,13.1,0,0
694,tomo_ed1c97,241.0,64.0,186.0,500,924,956,19.7,1,3
695,tomo_ede779,125.0,217.0,540.0,300,960,928,15.6,1,3
696,tomo_ef1a1a,-1.0,-1.0,-1.0,300,960,928,19.2,0,4
697,tomo_efe1f8,41.0,750.0,427.0,300,960,928,13.1,1,0
698,tomo_f07244,-1.0,-1.0,-1.0,800,928,960,13.1,0,4
699,tomo_f0adfc,175.0,550.0,671.0,300,960,928,13.1,1,3
700,tomo_f1bf2f,-1.0,-1.0,-1.0,800,928,960,13.1,0,0
701,tomo_f2fa4a,59.0,434.0,600.0,300,960,928,15.6,1,0
702,tomo_f36495,-1.0,-1.0,-1.0,800,928,960,13.1,0,2
703,tomo_f3e449,174.0,740.0,715.0,300,959,928,15.6,1,2
704,tomo_f427b3,166.0,272.0,654.0,300,959,928,15.6,1,3
705,tomo_f672c0,-1.0,-1.0,-1.0,800,928,928,13.1,0,3
706,tomo_f6a38a,227.0,234.0,871.0,500,924,956,19.7,4,0
710,tomo_f6de9b,-1.0,-1.0,-1.0,800,928,960,16.1,0,4
711,tomo_f71c16,-1.0,-1.0,-1.0,800,928,960,16.1,0,2
712,tomo_f76529,31.0,586.0,683.0,300,960,928,15.6,1,2
713,tomo_f78e91,95.0,469.0,387.0,300,960,928,13.1,1,0
714,tomo_f7f28b,-1.0,-1.0,-1.0,300,960,928,15.6,0,2
715,tomo_f82a15,-1.0,-1.0,-1.0,500,924,956,16.1,0,2
716,tomo_f871ad,157.0,642.0,115.0,300,960,928,13.1,1,1
717,tomo_f8b46e,123.0,728.0,352.0,300,928,928,13.1,1,2
718,tomo_f8b835,-1.0,-1.0,-1.0,800,928,960,13.1,0,1
719,tomo_f94504,-1.0,-1.0,-1.0,500,924,956,16.1,0,1
720,tomo_fa5d78,-1.0,-1.0,-1.0,800,928,960,13.1,0,3
721,tomo_fadbe2,97.0,463.0,425.0,300,928,928,13.1,1,1
722,tomo_fb08b5,106.0,671.0,559.0,300,959,928,15.6,1,4
723,tomo_fb6ce6,-1.0,-1.0,-1.0,800,928,928,13.2,0,2
724,tomo_fbb49b,-1.0,-1.0,-1.0,300,960,928,16.8,0,4
725,tomo_fc1665,-1.0,-1.0,-1.0,500,927,959,13.1,0,0
726,tomo_fc3c39,128.0,537.0,491.0,300,960,928,16.8,1,3
727,tomo_fc5ae4,24.0,513.0,313.0,300,960,928,13.1,1,3
728,tomo_fc90fd,-1.0,-1.0,-1.0,500,1912,1847,6.5,0,3
729,tomo_fd41c4,-1.0,-1.0,-1.0,300,928,928,16.8,0,1
730,tomo_fd5b38,184.0,520.0,627.0,300,960,928,16.8,1,0
731,tomo_fd9357,131.0,364.0,138.0,300,928,928,15.6,1,2
732,tomo_fe050c,138.0,134.0,542.0,300,959,928,15.6,1,2
733,tomo_fe85f6,-1.0,-1.0,-1.0,800,928,960,13.1,0,1
734,tomo_fea6e8,-1.0,-1.0,-1.0,300,960,928,16.8,0,4
735,tomo_ff505c,111.0,816.0,678.0,300,959,928,15.6,1,2
736,tomo_ff7c20,-1.0,-1.0,-1.0,800,928,960,13.1,0,1
